test_target_macro_f1,test_target_micro_f1,test_target_f1_refugee,test_target_f1_women
0.6118779182434082,0.5988371968269348,0.6486486196517944,0.5751072764396667
