test_target_macro_f1,test_target_micro_f1,test_target_f1_islam,test_target_f1_jewish,test_target_f1_other
0.6332247257232666,0.6756529211997986,0.7265468835830688,0.8833746910095215,0.28975266218185425
