test_target_macro_f1,test_target_micro_f1,test_target_f1_african,test_target_f1_arab,test_target_f1_asian
0.6679577827453613,0.722274899482727,0.7719780206680298,0.6044444441795349,0.6274510025978088
