test_target_macro_f1,test_target_micro_f1,test_target_f1_caucasian,test_target_f1_hispanic,test_target_f1_homosexual
0.6382625102996826,0.6574965715408325,0.38260868191719055,0.7397260069847107,0.7924528121948242
