{"label_freqs": [0.2945701806630931, 0.2719872940242208, 0.3878300575739527], "target_freqs": [0.16408576533650981, 0.03916021441334128, 0.020796108794917608, 0.025809013301568394, 0.018314472900536033, 0.09623783998411753, 0.11197141155449672, 0.1006055191582291, 0.03513996426444312, 0.04744887830057574, 0.07975977764542386], "rationale_freq": 0.0037590969182785487}
