test_target_macro_f1,test_target_micro_f1,test_target_f1_african,test_target_f1_arab,test_target_f1_asian,test_target_f1_caucasian,test_target_f1_hispanic,test_target_f1_homosexual,test_target_f1_islam,test_target_f1_jewish,test_target_f1_other,test_target_f1_refugee,test_target_f1_women
0.5879378318786621,0.612185001373291,0.7799443006515503,0.4915824830532074,0.6486486196517944,0.3164179027080536,0.5274725556373596,0.7714987993240356,0.6765799522399902,0.8786407709121704,0.2431761771440506,0.5945945978164673,0.538759708404541
